Benchmark Name;Function Name;Execution;Number of vertices;Number of edges;Min count;Max count;Block Ordering;Hydra Guess;Hydra Distance;Hydra Hit
automotive_bitcount;bit_count;1;8;10;0;1059527520;"3;5;5_3.ce;0;10;2;9;0_10.ce";"3;5;5_3.ce;0;10;2;9;0_10.ce";0;1,0000
automotive_bitcount;bit_shifter;1;8;10;90000000;2146754800;"3;7;13;4;9;0;16;3_7.ce";"3;7;13;4;9;0;16;3_7.ce";0;1,0000
automotive_bitcount;main;1;8;10;0;81;"11;14;20;0;22;23;8;5";"11;14;20;0;22;23;8;5";0;1,0000
automotive_bitcount;main1;1;17;21;0;630000560;"20;23;30;17;19;33;40;41;33_40.ce;0;16;43;9;9_16.ce;35;14;6";"20;23;30;17;19;33;40;41;33_40.ce;0;16;43;9;9_16.ce;35;14;6";0;1,0000
automotive_bitcount;ntbl_bitcnt;1;4;5;90000000;533116880;"0;11;8;0_11.ce";"0;11;8;0_11.ce";0;1,0000
automotive_qsort1;compare;1;4;5;73275076;148365384;"0;11;7;6";"0;11;7;6";0;1,0000
automotive_qsort1;main;1;8;10;0;227;"11;14;20;0;22;23;8;5";"11;14;20;0;22;23;8;5";0;1,0000
automotive_qsort1;main1;1;26;33;0;8170578;"15;26;18;21;24;28;0;11;15_26.ce;57;59;63;94;59_63.ce;63_94.ce;73;75;89;61;66;72;92;18_26.ce;21_26.ce;69;8";"15;26;18;21;24;28;0;11;15_26.ce;57;59;63;94;59_63.ce;63_94.ce;73;75;89;61;66;72;92;18_26.ce;21_26.ce;69;8";0;1,0000
automotive_qsort1;qsortx;1;46;60;0;68230078;"49;53;58;55;38;41;46;43;58_49.ce;46_38.ce;37;48;60;63;20;20_ter.outer;20_ter.backedge.outer.backedge;108;111;30;62;64;29;73;77;86;90;98;88;102;92;107;106;90_98.ce;89;53_58.ce;41_46.ce;0;118;119;12;15;0_14.ce;12_14.ce;14;73_86.ce";"49;53;58;55;38;41;46;43;58_49.ce;46_38.ce;37;48;60;63;20;20_ter.outer;20_ter.backedge.outer.backedge;108;111;30;62;64;29;73;77;86;90;98;88;102;92;107;106;90_98.ce;89;53_58.ce;41_46.ce;0;118;119;12;15;0_14.ce;12_14.ce;14;73_86.ce";0;1,0000
automotive_qsort1;shortsort;1;11;14;1280290;20260674;"10;12;16;17;12_16.ce;6;15;20;7;0;24";"10;12;16;17;12_16.ce;6;15;20;7;0;24";0;1,0000
automotive_qsort1;swap;1;7;9;1622906;743732100;"6;9;0;15;14;5;0_15.ce";"6;9;0;15;14;5;0_15.ce";0;1,0000
automotive_susan_c;corner_draw;1;7;9;0;279174;"4;11;55;9;0;56;40";"4;11;55;9;0;56;40";0;1,0000
automotive_susan_c;get_image;1;10;11;0;782;"0;20;28;47;9;20_25.ce;25;44;6;9_25.ce";"0;20;28;47;9;20_25.ce;25;44;6;9_25.ce";0;1,0000
automotive_susan_c;getint;1;23;29;0;7038;"22;29;31;34;14;4;4_9.ce;9;0;16;18;21;29_33.ce;33;35;36;14_19.ce;19;11;16_19.ce;28;33split;6";"22;29;31;34;14;4;4_9.ce;9;0;16;18;21;29_33.ce;33;35;36;14_19.ce;19;11;16_19.ce;28;33split;6";0;1,0000
automotive_susan_c;main;1;8;10;0;783;"11;14;15;0;17;18;8;5";"11;14;15;0;17;18;8;5";0;1,0000
automotive_susan_c;main1;1;57;82;0;1564;"36;0;0_33.ce;154;171;179;185;189;191;33;38;45;51;81;83;85;85_90.ce;90;105;107;112;117;122;133;138;143;143_148.ce;145;148;152;162;173;32;45_81.ce;49;50;52;53;54;55;56;57;60;62;62_70.ce;69;70;71;74;76;82;87;87_90.ce;89;90_191.ce;91;97";"36;0;0_33.ce;154;171;179;185;189;191;33;38;45;51;81;83;85;85_90.ce;90;105;107;112;117;122;133;138;143;143_148.ce;145;148;152;162;173;32;45_81.ce;49;50;52;53;54;55;56;57;60;62;62_70.ce;69;70;71;74;76;82;87;87_90.ce;89;90_191.ce;91;97";0;1,0000
automotive_susan_c;setup_brightness_lut;1;8;10;0;401948;"6;15;18;26;8;0;28;8_18.ce";"6;15;18;26;8;0;28;8_18.ce";0;1,0000
automotive_susan_c;susan_corners;1;203;284;0;203351280;"1077;26;1066;1067;1080;1549;1550;29;1080_1549.ce;29_1066.ce;1065;213;1064;225;1063;236;1062;246;1061;260;1060;271;1059;282;1058;293;1057;304;1056;315;1055;325;1054;339;1053;350;1052;361;1051;372;1050;382;213_1065.ce;1049;396;1048;407;1047;417;225_1064.ce;1026;1046;846;417_1047.ce;236_1063.ce;1026_1046.ce;260_1061.ce;848;864;891;920;282_1059.ce;246_1062.ce;1013;937;956;984;271_1060.ce;293_1058.ce;304_1057.ce;860;886;915;339_1054.ce;856;881;910;1008;952;979;1003;948;974;315_1056.ce;361_1052.ce;325_1055.ce;350_1053.ce;1028;1087;1548;1096;1105;1114;1122;372_1051.ce;1131;1140;1149;1158;1167;1176;1184;1193;1202;1211;1220;1229;1238;1246;1255;1264;396_1049.ce;1273;1281;382_1050.ce;1289;1297;1305;1313;1321;1330;1339;1348;1073;22;1069;1070;1076;1552;1553;25;407_1048.ce;1356;1365;1374;1383;1392;1401;1410;1418;1427;1436;1445;1454;1463;1472;1480;1489;1498;1507;1547;1289_1548.ce;1238_1548.ce;1348_1548.ce;1297_1548.ce;1176_1548.ce;1105_1548.ce;1229_1548.ce;1167_1548.ce;1114_1548.ce;1211_1548.ce;1281_1548.ce;1246_1548.ce;1273_1548.ce;1339_1548.ce;1184_1548.ce;1122_1548.ce;1220_1548.ce;1255_1548.ce;1096_1548.ce;1313_1548.ce;1158_1548.ce;1330_1548.ce;1410_1548.ce;1264_1548.ce;1305_1548.ce;1087_1548.ce;1140_1548.ce;1149_1548.ce;1321_1548.ce;1356_1548.ce;1131_1548.ce;1202_1548.ce;1365_1548.ce;1193_1548.ce;1463_1548.ce;1472_1548.ce;1374_1548.ce;1392_1548.ce;1401_1548.ce;1489_1548.ce;1418_1548.ce;1427_1548.ce;1445_1548.ce;1436_1548.ce;1498_1548.ce;0;1072;1383_1548.ce;1480_1548.ce;1555;1454_1548.ce;1544";"1077;26;1066;1067;1080;1549;1550;29;1080_1549.ce;29_1066.ce;1065;213;1064;225;1063;236;1062;246;1061;260;1060;271;1059;282;1058;293;1057;304;1056;315;1055;325;1054;339;1053;350;1052;361;1051;372;1050;382;213_1065.ce;1049;396;1048;407;1047;225_1064.ce;1026;1046;846;417_1047.ce;236_1063.ce;1026_1046.ce;260_1061.ce;848;864;891;920;282_1059.ce;246_1062.ce;1013;937;956;984;271_1060.ce;293_1058.ce;304_1057.ce;860;886;915;339_1054.ce;856;881;910;1008;952;979;1003;948;974;315_1056.ce;361_1052.ce;325_1055.ce;350_1053.ce;1028;1087;1548;1096;1105;1114;1122;372_1051.ce;1131;1140;1149;1158;1167;1176;1184;1193;1202;1211;1220;1229;1238;1246;1255;1264;396_1049.ce;1273;1281;382_1050.ce;1289;1297;1305;1313;1321;1330;1339;1348;1073;22;1069;1070;1076;1552;1553;25;407_1048.ce;1356;1365;1374;1383;1392;1401;1410;1418;1427;1436;1445;1454;1463;1472;1480;1489;1498;1507;1547;1289_1548.ce;1238_1548.ce;1348_1548.ce;1297_1548.ce;1176_1548.ce;1105_1548.ce;1229_1548.ce;1167_1548.ce;1114_1548.ce;1211_1548.ce;1281_1548.ce;1246_1548.ce;1273_1548.ce;1339_1548.ce;1184_1548.ce;1122_1548.ce;1220_1548.ce;1255_1548.ce;1096_1548.ce;1313_1548.ce;1158_1548.ce;1330_1548.ce;1410_1548.ce;1264_1548.ce;1305_1548.ce;1087_1548.ce;1140_1548.ce;1149_1548.ce;1321_1548.ce;1356_1548.ce;1131_1548.ce;1202_1548.ce;1365_1548.ce;1193_1548.ce;1463_1548.ce;1472_1548.ce;1374_1548.ce;1392_1548.ce;1401_1548.ce;1489_1548.ce;1418_1548.ce;1427_1548.ce;1445_1548.ce;1436_1548.ce;1498_1548.ce;0;1072;1383_1548.ce;1480_1548.ce;1555;1454_1548.ce;1544;417";154;0,9925
automotive_susan_e;edge_draw;1;18;23;0;100980374;"42;8;11;36;38;45;54;56;11_36.ce;45_54.ce;15;49;0;40;41;58;7;0_41.ce";"42;8;11;36;38;45;54;56;11_36.ce;45_54.ce;15;49;0;40;41;58;7;0_41.ce";0;1,0000
automotive_susan_e;get_image;1;10;11;0;374;"0;20;28;47;9;20_25.ce;25;44;6;9_25.ce";"0;20;28;47;9;20_25.ce;25;44;6;9_25.ce";0;1,0000
automotive_susan_e;getint;1;23;29;0;3366;"22;29;31;34;14;4;4_9.ce;9;0;16;18;21;29_33.ce;33;35;36;14_19.ce;19;11;16_19.ce;28;33split;6";"22;29;31;34;14;4;4_9.ce;9;0;16;18;21;29_33.ce;33;35;36;14_19.ce;19;11;16_19.ce;28;33split;6";0;1,0000
automotive_susan_e;main;1;8;10;0;375;"11;14;15;0;17;18;8;5";"11;14;15;0;17;18;8;5";0;1,0000
automotive_susan_e;main1;1;57;82;0;748;"36;0;0_33.ce;122;138;143;145;148;152;191;33;38;45;50;81;83;85;85_90.ce;90;97;105;107;112;117;133;143_148.ce;154;162;171;173;179;185;189;32;45_81.ce;49;51;52;53;54;55;56;57;60;62;62_70.ce;69;70;71;74;76;82;87;87_90.ce;89;90_191.ce;91";"36;0;0_33.ce;122;138;143;145;148;152;191;33;38;45;50;81;83;85;85_90.ce;90;97;105;107;112;117;133;143_148.ce;154;162;171;173;179;185;189;32;45_81.ce;49;51;52;53;54;55;56;57;60;62;62_70.ce;69;70;71;74;76;82;87;87_90.ce;89;90_191.ce;91";0;1,0000
automotive_susan_e;setup_brightness_lut;1;8;10;0;192236;"6;15;18;26;8;0;28;8_18.ce";"6;15;18;26;8;0;28;8_18.ce";0;1,0000
automotive_susan_e;susan_edges;1;77;103;374;98803320;"29;32;390;391;401;1497;1498;404;32_390.ce;404_1497.ce;384;1496;411;937;427;935;1436;1450;1495;939;1432;934;1440;1449;1459;1444;1448;862;869;874;888;933;937_1496.ce;865;1468;1450_1495.ce;1479;878;887;897;1490;1447;1443;873;1446;871;1459_1495.ce;888_933.ce;881;1439;877;897_933.ce;906;917;928;882;886;884;936;1468_1495.ce;1479_1495.ce;885;25;28;393;394;397;1500;1501;400;1431;906_933.ce;864;917_933.ce;0;1503;396";"29;390;391;401;1497;1498;404;32_390.ce;404_1497.ce;384;1496;411;937;935;1436;1450;1495;1432;934;1440;1449;1459;1444;1448;862;869;874;888;933;937_1496.ce;865;1468;1450_1495.ce;1479;878;887;897;1490;1447;1443;873;1446;871;1459_1495.ce;888_933.ce;881;1439;877;897_933.ce;906;917;928;882;886;884;936;1468_1495.ce;1479_1495.ce;885;25;28;393;394;397;1500;1501;400;1431;906_933.ce;864;917_933.ce;0;1503;396;32;427;939";191;0,9347
automotive_susan_e;susan_thin;1;138;185;0;307250724;"50;53;954;955;53_954.ce;140;526;61;838;953;61_140.ce;140_526.ce;838_953.ce;528;837;684;836;528_684.ce;450;452;467;468;725;725_836.ce;452_467.ce;684_836.ce;447;449;470;471;526_838.ce;840;952;142;460;150;446;473;525;573;240;445;268;444;881;951;297;443;840_952.ce;881_951.ce;573_684.ce;475;509;524;473_525.ce;325;442;46;49;957;958;578;590;683;730;483;730_836.ce;509_524.ce;306;334;580;584;603;682;637;513;520;523;513_520.ce;520_523.ce;353;441;492;142_526.ce;382;440;582;249;605;391;637_682.ce;590_683.ce;585;589;603_637.ce;639;938;938_947.ce;947;950;947_950.ce;135;587;583;605_637.ce;615;278;649;823;832;835;823_832.ce;832_835.ce;410;420;439;221;363;639_682.ce;626;660;588;671;626_637.ce;615_637.ce;649_682.ce;660_671.ce;660_682.ce;626_671.ce;522;0;519;831;834;949;960;410_439.ce;946";"50;53;954;955;53_954.ce;140;526;61;838;953;61_140.ce;140_526.ce;838_953.ce;528;837;684;836;528_684.ce;450;452;467;468;725;725_836.ce;452_467.ce;684_836.ce;447;449;470;471;526_838.ce;840;952;142;460;150;446;473;525;573;240;445;268;444;881;951;297;443;840_952.ce;881_951.ce;573_684.ce;475;509;524;473_525.ce;325;442;46;49;957;958;578;590;683;730;483;730_836.ce;509_524.ce;306;334;580;584;603;682;637;513;520;523;513_520.ce;520_523.ce;353;441;492;142_526.ce;382;440;582;249;605;391;637_682.ce;590_683.ce;585;589;603_637.ce;639;938;938_947.ce;947;950;947_950.ce;135;587;583;605_637.ce;615;278;649;823;832;835;823_832.ce;832_835.ce;410;420;439;221;363;639_682.ce;626;660;588;671;626_637.ce;615_637.ce;649_682.ce;660_671.ce;660_682.ce;626_671.ce;522;0;519;831;834;949;960;410_439.ce;946";0;1,0000
automotive_susan_s;enlarge;1;17;21;49;159495;"75;121;80;6;25;8;28;72;123;124;30;69;74;0;126;27;71";"75;121;80;6;25;8;28;72;123;124;30;69;74;0;126;27;71";0;1,0000
automotive_susan_s;get_image;1;10;11;0;49;"0;20;28;47;9;20_25.ce;25;44;6;9_25.ce";"0;20;28;47;9;20_25.ce;25;44;6;9_25.ce";0;1,0000
automotive_susan_s;getint;1;23;29;0;441;"22;29;31;34;14;4;4_9.ce;9;0;16;18;21;29_33.ce;33;35;36;14_19.ce;19;11;16_19.ce;28;33split;6";"22;29;31;34;14;4;4_9.ce;9;0;16;18;21;29_33.ce;33;35;36;14_19.ce;19;11;16_19.ce;28;33split;6";0;1,0000
automotive_susan_s;main;1;8;10;0;50;"11;14;15;0;17;18;8;5";"11;14;15;0;17;18;8;5";0;1,0000
automotive_susan_s;main1;1;57;82;0;98;"36;0;0_33.ce;191;33;38;45;49;81;83;85;85_90.ce;90;91;105;107;112;117;122;133;138;143;143_148.ce;145;148;152;154;162;171;173;179;185;189;32;45_81.ce;50;51;52;53;54;55;56;57;60;62;62_70.ce;69;70;71;74;76;82;87;87_90.ce;89;90_191.ce;97";"36;0;0_33.ce;191;33;38;45;49;81;83;85;85_90.ce;90;91;105;107;112;117;122;133;138;143;143_148.ce;145;148;152;154;162;171;173;179;185;189;32;45_81.ce;50;51;52;53;54;55;56;57;60;62;62_70.ce;69;70;71;74;76;82;87;87_90.ce;89;90_191.ce;97";0;1,0000
automotive_susan_s;setup_brightness_lut;1;8;10;0;25186;"6;18;26;8;8_18.ce;0;28;15";"6;18;26;8;8_18.ce;0;28;15";0;1,0000
automotive_susan_s;susan_smoothing;1;55;69;0;3175200000;"140;142;158;136;138;160;163;109;113;165;173;179;180;104;108;182;183;84;86;98;80;100;101;82;0;103;185;29;340;35;35_44.ce;44;49;58;69;168;186;187;191;192;196;322;327;333;334;336;337;339;34;37;37_44.ce;39;44_54.ce;49_54.ce;54";"140;142;158;136;138;160;163;109;113;165;173;179;180;104;108;182;183;84;86;98;80;100;101;82;0;103;185;29;340;35;35_44.ce;44;49;58;69;168;186;187;191;192;196;322;327;333;334;336;337;339;34;37;37_44.ce;39;44_54.ce;49_54.ce;54";0;1,0000
bzip2d;BZ2_bzDecompress;1;45;62;0;25120;"14;19;0;124;13;3;8;23;29;31;34;34_89.ce;89;91;95;117;19_91.ce;121;122;123;41;45;45_60.ce;60;60_67.ce;67;74;90;109;116;98;98_109.ce;102;115;12;18;2;27;33;53;64;7;73;89split;91_123.ce";"14;19;0;124;13;3;8;23;29;31;34;34_89.ce;89;91;95;117;19_91.ce;121;122;123;41;45;45_60.ce;60;60_67.ce;67;74;90;109;116;98;98_109.ce;102;115;12;18;2;27;33;53;64;7;73;89split;91_123.ce";0;1,0000
bzip2d;BZ2_bzDecompressEnd;1;17;23;0;80;"0;12;16;2;23;23_34.ce;34;34_45.ce;45;53;7;1;11;12_23.ce;27;38;6";"0;12;16;2;23;23_34.ce;34;34_45.ce;45;53;7;1;11;12_23.ce;27;38;6";0;1,0000
bzip2d;BZ2_bzDecompressInit;1;24;33;0;80;"0;13;15;18;22;24;28;30;38;5;56;8;8_13.ce;10;10_13.ce;12;13_17.ce;15_17.ce;17;18_24.ce;24_30.ce;37;4;7";"0;13;15;18;22;24;28;30;38;5;56;8;8_13.ce;10;10_13.ce;12;13_17.ce;15_17.ce;17;18_24.ce;24_30.ce;37;4;7";0;1,0000
bzip2d;BZ2_bzRead;1;101;138;0;24960;"102;116;142;50;63;102_116.ce;118;156;118_142.ce;0;11;13;170;23;35;4;45;5;7;9;161;163;164;166;168;63_102.ce;68;73;92;169;124;124_142.ce;106;106_116.ce;116_142.ce;144;146;147;149;151;0_5.ce;108;108_111.ce;110;111;111_115.ce;113;115;11_15.ce;129;129_142.ce;134;134_137.ce;136;137;137_141.ce;139;13_15.ce;141;144_147.ce;147_151.ce;15;15_18.ce;161_164.ce;164_168.ce;17;18;18_22.ce;20;22;27;27_30.ce;29;30;30_34.ce;32;34;37;37_40.ce;39;40;40_44.ce;42;44;55;55_58.ce;57;58;58_62.ce;5_9.ce;60;62;68_102.ce;84;84_87.ce;86;87;87_91.ce;89;91;9_15.ce";"102;116;142;50;63;102_116.ce;118;156;118_142.ce;0;11;13;170;23;35;4;45;5;7;9;161;163;164;166;168;63_102.ce;68;73;92;169;124;124_142.ce;106;106_116.ce;116_142.ce;144;146;147;149;151;0_5.ce;108;108_111.ce;110;111;111_115.ce;113;115;11_15.ce;129;129_142.ce;134;134_137.ce;136;137;137_141.ce;139;13_15.ce;141;144_147.ce;147_151.ce;15;15_18.ce;161_164.ce;164_168.ce;17;18;18_22.ce;20;22;27;27_30.ce;29;30;30_34.ce;32;34;37;37_40.ce;39;40;40_44.ce;42;44;55;55_58.ce;57;58;58_62.ce;5_9.ce;60;62;68_102.ce;84;84_87.ce;86;87;87_91.ce;89;91;9_15.ce";0;1,0000
bzip2d;BZ2_bzReadClose;1;27;36;0;80;"0;17;2;29;3;33;36;37;5;7;0_3.ce;11;12;12_16.ce;14;16;21;21_24.ce;23;24;24_28.ce;26;28;29_36.ce;3_7.ce;9;9_12.ce";"0;17;2;29;3;33;36;37;5;7;0_3.ce;11;12;12_16.ce;14;16;21;21_24.ce;23;24;24_28.ce;26;28;29_36.ce;3_7.ce;9;9_12.ce";0;1,0000
bzip2d;BZ2_bzReadGetUnused;1;35;47;0;80;"0;12;24;26;36;38;39;41;43;50;11;16;16_19.ce;18;19;19_23.ce;21;23;24_28.ce;26_28.ce;28;28_31.ce;30;31;31_35.ce;33;35;36_39.ce;39_43.ce;4;4_7.ce;6;7;7_11.ce;9";"0;12;24;26;36;38;39;41;43;50;11;16;16_19.ce;18;19;19_23.ce;21;23;24_28.ce;26_28.ce;28;28_31.ce;30;31;31_35.ce;33;35;36_39.ce;39_43.ce;4;4_7.ce;6;7;7_11.ce;9";0;1,0000
bzip2d;BZ2_bzReadOpen;1;71;97;0;80;"0;107;117;13;15;15_19.ce;19;21;23;23_27.ce;27;29;31;31_41.ce;41;52;63;65;66;68;70;8;81;9;95;9_13.ce;0_9.ce;101;102;102_106.ce;104;106;11;13_33.ce;17;17_19.ce;17_33.ce;19_33.ce;21_33.ce;25;25_27.ce;25_33.ce;27_41.ce;29_33.ce;31_33.ce;33;33_36.ce;35;36;36_40.ce;38;40;44;44_47.ce;46;47;47_51.ce;49;51;55;55_58.ce;57;58;58_62.ce;60;62;63_66.ce;66_70.ce;83;99;99_102.ce";"0;107;117;13;15;15_19.ce;17_33.ce;19;21;23;25_33.ce;27;29;31;31_41.ce;41;52;63;65;66;68;70;8;81;9;95;0_9.ce;101;102;102_106.ce;104;106;11;13_33.ce;17;17_19.ce;19_33.ce;21_33.ce;23_27.ce;25;25_27.ce;27_41.ce;29_33.ce;31_33.ce;33;33_36.ce;35;36;36_40.ce;38;40;44;44_47.ce;46;47;47_51.ce;49;51;55;55_58.ce;57;58;58_62.ce;60;62;63_66.ce;66_70.ce;83;99;99_102.ce;9_13.ce";131;0,9473
bzip2d;BZ2_decompress;1;793;1073;0;197749200;"3195;3154;3453;3456;3197;3386;3920;3922;3946;2861;2864;2866;3384;3139;3142;3145;3194;3209;3320;3343;3353;3382;3390;3452;3461;3533;3539;3546;3156;3353_3382.ce;3466;3464;3462;3470;3530;3403;3410;3410_3451.ce;3451;3124;2980;2983;2913;3126;3129;2911;2869;2880;2909;2917;2979;2988;3060;3066;3073;3081;3085;3083;2868;3087;3123;3137;3138;2880_2909.ce;2871;2864_2868.ce;3481;3488;3488_3529.ce;3529;2993;2199;2991;2989;2997;3057;2197;2196;2203;2264;2300;2930;2937;2937_2978.ce;2978;2268;2272;2303;2193;2290;2195;2267;2273;2278;2292;2312;2317;3356;3360;2874;2876;2879;2866_2868.ce;3008;3015;3015_3056.ce;3056;2215;2222;2222_2263.ce;2263;2883;2887;3085_2869.ce;3081_3085.ce;2642;3596;1938;2630;3566;3580;3598;3604;3611;3612;1940;1944;2632;2636;2644;2652;3568;3577;3582;3593;2401;2393;2395;2398;2399;2405;2466;2473;2390;2562;2392;2469;2546;2553;2564;2581;2598;2599;2470;2471;2477;2538;2545;2581_2598.ce;2564_2581.ce;2541;0;397;4700;0_397.ce;1961;1956;1958;1959;1965;2026;2035;2036;2543;3409;397_3384.ce;2573;2417;2424;2424_2465.ce;2465;1858;2026_2035.ce;1853;1947;2639;1855;1856;1862;1923;1934;1935;1949;2039;2040;2641;2654;2659;2029;1930;1949_2039.ce;2489;2496;2496_2537.ce;2537;2590;3487;397_3464.ce;2325;2281;2320;2559;2936;397_2911.ce;2284;2287;2322;2323;2329;2389;2555;2556;2561;2601;2621;1977;1984;1984_2025.ce;2025;2340;2347;2347_2388.ce;2388;2760;2763;2773;804;2125;2769;2771;2777;2837;1024;1096;1168;1253;1327;1401;1475;1619;1693;1767;1874;1881;1881_1922.ce;1922;1926;1955;2038;880;952;1549;2053;2140;2147;2147_2188.ce;2188;2693;802;808;820;827;827_868.ce;868;869;1016;1017;1021;1022;1028;1040;1047;1047_1088.ce;1088;1089;1093;1094;1100;1112;1119;1119_1160.ce;1160;1161;1165;1166;1172;1184;1191;1191_1232.ce;1232;1233;1237;1237_1249.ce;1249;1251;1257;1269;1276;1276_1317.ce;1317;1318;1325;1331;1343;1350;1350_1391.ce;1391;1392;1399;1405;1417;1424;1424_1465.ce;1465;1466;1473;1479;1491;1498;1498_1539.ce;1539;1540;1547;1553;1615;1617;1623;1635;1642;1642_1683.ce;1683;1684;1691;1697;1709;1716;1716_1757.ce;1757;1758;1765;1771;1783;1790;1790_1831.ce;1831;1832;1843;1852;1937;1946;2042;2047;2051;2057;2117;2119;2122;2123;2129;2189;2192;2280;2289;2319;2558;2623;2638;2661;2663;2667;2689;2691;2697;2759;2768;2840;2846;2853;2863;3554;3558;3563;3579;3595;3614;3614_3625.ce;3625;3919;3948;397_802.ce;4016;4037;4038;4042;4114;4186;4258;4330;4403;4477;450;4551;4625;522;594;666;873;877;878;884;896;903;903_944.ce;944;945;949;950;956;968;975;975_1016.ce;1566;1573;1573_1614.ce;1614;2068;2075;2075_2116.ce;2116;2221;2710;2717;2717_2758.ce;2758;2788;2795;2795_2836.ce;2836;3014;372;397_2197.ce;397_2991.ce;4039;4040;4046;4058;4065;4065_4106.ce;4106;4107;4111;4112;4118;4130;4137;4137_4178.ce;4178;4179;4183;4184;4190;4202;4209;4209_4250.ce;4250;4251;4255;4256;4262;4274;4281;4281_4322.ce;4322;4323;4327;4328;4334;4346;4353;4353_4394.ce;4394;4395;4399;4401;4407;4419;4426;4426_4467.ce;4467;4468;4475;448;4481;4493;4500;4500_4541.ce;454;4541;4542;4549;4555;4567;4574;4574_4615.ce;4615;4616;4623;4629;4641;4648;4648_4689.ce;466;4689;4690;473;473_514.ce;514;515;519;520;526;538;545;545_586.ce;586;587;591;592;598;610;617;617_658.ce;658;659;663;664;670;682;689;689_730.ce;730;731;735;740;783;800;801;872;1010;1020;1046;1082;1092;1118;1154;1164;1190;1226;1236;1244;1275;1311;1349;1385;1423;1459;1497;1533;1572;1608;1641;1677;1715;1751;1789;1825;1842;1851;1880;1916;1983;2019;2046;2074;2110;2117_2121.ce;2119_2121.ce;2121;2146;2182;2191;2257;2271;2346;2382;2393_2397.ce;2395_2397.ce;2397;2423;2459;2495;2531;2661_2689.ce;2666;2716;2752;2762;2794;2830;2840_2852.ce;2846_2852.ce;2852;2874_2879.ce;2886;2972;2982;3050;3060_3072.ce;3066_3072.ce;3072;3108;3109;3111;3113;3114;3122;3128;3141;3213;3225;3231;3241;3247;3249;3274;3274_3319.ce;3289;3290;3292;3293;3295;3309;3311;3316;3318;3319;3333;3359;3445;3455;3523;3533_3545.ce;3539_3545.ce;3545;3554_3562.ce;3558_3562.ce;3562;3598_3610.ce;3610;3610split;3622;3629;3630;3632;3640;3642;3643;3645;3664;3685;3707;3713;3715;3737;3765;3782;3800;3801;3801_3737.ce;3805;3813;3813_3870.ce;3854;3854_3869.ce;3867;3869;3870;3882;3918;3962;3962_4004.ce;397_1022.ce;397_1094.ce;397_1166.ce;397_1251.ce;397_1325.ce;397_1399.ce;397_1473.ce;397_1547.ce;397_1617.ce;397_1691.ce;397_1765.ce;397_1856.ce;397_1959.ce;397_2051.ce;397_2123.ce;397_2323.ce;397_2399.ce;397_2471.ce;397_2691.ce;397_2771.ce;397_4040.ce;397_4112.ce;397_4184.ce;397_4256.ce;397_4328.ce;397_4401.ce;397_4475.ce;397_4549.ce;397_4623.ce;397_520.ce;397_592.ce;397_664.ce;397_878.ce;397_950.ce;3988;3988_4003.ce;4001;4003;4004;4064;4100;4110;4136;4172;4182;4208;4244;4254;4280;4316;4326;4352;4388;4398;4425;4461;4499;4535;4573;4609;4647;4683;4698;4699;472;508;518;544;580;590;616;652;662;688;724;731_739.ce;735_739.ce;739;747;747_781.ce;777;777_781.ce;781;782;799;826;862;876;902;938;948;974";"3195;3154;3453;3456;3197;3386;3920;3922;3946;2861;2864;2866;3384;3139;3142;3145;3194;3209;3320;3343;3353;3382;3390;3452;3461;3533;3539;3546;3156;3353_3382.ce;3466;3464;3462;3470;3530;3403;3410;3410_3451.ce;3451;3124;2980;2983;2913;3126;3129;2911;2869;2880;2909;2917;2979;2988;3060;3066;3073;3081;3085;3083;2868;3087;3123;3137;3138;2880_2909.ce;2871;2864_2868.ce;3481;3488;3488_3529.ce;3529;2993;2199;2991;2989;2997;3057;2197;2196;2203;2264;2300;2930;2937;2937_2978.ce;2978;2268;2272;2303;2193;2290;2195;2267;2273;2278;2292;2312;2317;3356;2874;2876;2879;2866_2868.ce;3008;3015;3015_3056.ce;3056;2215;2222;2222_2263.ce;2263;2883;3085_2869.ce;3081_3085.ce;2642;3596;1938;2630;3566;3580;3598;3604;3611;3612;1940;1944;2632;2636;2644;2652;3568;3577;3582;3593;2401;2393;2395;2398;2399;2405;2466;2473;2390;2562;2392;2469;2546;2553;2564;2581;2598;2599;2470;2471;2477;2538;2545;2581_2598.ce;2564_2581.ce;2541;0;397;4700;0_397.ce;1961;1956;1958;1959;1965;2026;2035;2036;2543;3409;397_3384.ce;2573;2417;2424;2424_2465.ce;2465;1858;2026_2035.ce;1853;1947;2639;1855;1856;1862;1923;1934;1935;1949;2039;2040;2641;2654;2659;2029;1930;1949_2039.ce;2489;2496;2496_2537.ce;2537;2590;3487;397_3464.ce;2325;2281;2320;2559;2936;397_2911.ce;2284;2287;2322;2323;2329;2389;2555;2556;2561;2601;2621;1977;1984;1984_2025.ce;2025;2340;2347;2347_2388.ce;2388;2760;2763;2773;804;2125;2769;2771;2777;2837;1024;1096;1168;1253;1327;1401;1475;1619;1693;1767;1874;1881;1881_1922.ce;1922;1926;1955;2038;880;952;1549;2053;2140;2147;2147_2188.ce;2188;2693;802;808;820;827;827_868.ce;868;869;1016;1017;1021;1022;1028;1040;1047;1047_1088.ce;1088;1089;1093;1094;1100;1112;1119;1119_1160.ce;1160;1161;1165;1166;1172;1184;1191;1191_1232.ce;1232;1233;1237;1237_1249.ce;1249;1251;1257;1269;1276;1276_1317.ce;1317;1318;1325;1331;1343;1350;1350_1391.ce;1391;1392;1399;1405;1417;1424;1424_1465.ce;1465;1466;1473;1479;1491;1498;1498_1539.ce;1539;1540;1547;1553;1615;1617;1623;1635;1642;1642_1683.ce;1683;1684;1691;1697;1709;1716;1716_1757.ce;1757;1758;1765;1771;1783;1790;1790_1831.ce;1831;1832;1843;1852;1937;1946;2042;2047;2051;2057;2117;2119;2122;2123;2129;2189;2192;2280;2289;2319;2558;2623;2638;2661;2663;2689;2691;2697;2759;2768;2840;2846;2853;2863;3554;3558;3563;3579;3595;3614;3614_3625.ce;3625;3919;3948;397_802.ce;4016;4037;4038;4042;4114;4186;4258;4330;4403;4477;450;4551;4625;522;594;666;873;877;878;884;896;903;903_944.ce;944;945;949;950;956;968;975;975_1016.ce;1566;1573;1573_1614.ce;1614;2068;2075;2075_2116.ce;2116;2221;2710;2717;2717_2758.ce;2758;2788;2795;2795_2836.ce;2836;3014;372;397_2197.ce;397_2991.ce;4039;4040;4046;4058;4065;4065_4106.ce;4106;4107;4111;4112;4118;4130;4137;4137_4178.ce;4178;4179;4183;4184;4190;4202;4209;4209_4250.ce;4250;4251;4255;4256;4262;4274;4281;4281_4322.ce;4322;4323;4327;4328;4334;4346;4353;4353_4394.ce;4394;4395;4399;4401;4407;4419;4426;4426_4467.ce;4467;4468;4475;448;4481;4493;4500;4500_4541.ce;454;4541;4542;4549;4555;4567;4574;4574_4615.ce;4615;4616;4623;4629;4641;4648;4648_4689.ce;466;4689;4690;473;473_514.ce;514;515;519;520;526;538;545;545_586.ce;586;587;591;592;598;610;617;617_658.ce;658;659;663;664;670;682;689;689_730.ce;730;731;735;740;783;800;801;872;1010;1020;1046;1082;1092;1118;1154;1164;1190;1226;1236;1244;1275;1311;1349;1385;1423;1459;1497;1533;1572;1608;1641;1677;1715;1751;1789;1825;1842;1851;1880;1916;1983;2019;2046;2074;2110;2117_2121.ce;2119_2121.ce;2121;2146;2182;2191;2257;2271;2346;2382;2393_2397.ce;2395_2397.ce;2397;2423;2459;2495;2531;2661_2689.ce;2666;2667;2716;2752;2762;2794;2830;2840_2852.ce;2846_2852.ce;2852;2874_2879.ce;2886;2887;2972;2982;3050;3060_3072.ce;3066_3072.ce;3072;3108;3109;3111;3113;3114;3122;3128;3141;3213;3225;3231;3241;3247;3249;3274;3274_3319.ce;3289;3290;3292;3293;3295;3309;3311;3316;3318;3319;3333;3359;3360;3445;3455;3523;3533_3545.ce;3539_3545.ce;3545;3554_3562.ce;3558_3562.ce;3562;3598_3610.ce;3610;3610split;3622;3629;3630;3632;3640;3642;3643;3645;3664;3685;3707;3713;3715;3737;3765;3782;3800;3801;3801_3737.ce;3805;3813;3813_3870.ce;3854;3854_3869.ce;3867;3869;3870;3882;3918;3962;3962_4004.ce;397_1022.ce;397_1094.ce;397_1166.ce;397_1251.ce;397_1325.ce;397_1399.ce;397_1473.ce;397_1547.ce;397_1617.ce;397_1691.ce;397_1765.ce;397_1856.ce;397_1959.ce;397_2051.ce;397_2123.ce;397_2323.ce;397_2399.ce;397_2471.ce;397_2691.ce;397_2771.ce;397_4040.ce;397_4112.ce;397_4184.ce;397_4256.ce;397_4328.ce;397_4401.ce;397_4475.ce;397_4549.ce;397_4623.ce;397_520.ce;397_592.ce;397_664.ce;397_878.ce;397_950.ce;3988;3988_4003.ce;4001;4003;4004;4064;4100;4110;4136;4172;4182;4208;4244;4254;4280;4316;4326;4352;4388;4398;4425;4461;4499;4535;4573;4609;4647;4683;4698;4699;472;508;518;544;580;590;616;652;662;688;724;731_739.ce;735_739.ce;739;747;747_781.ce;777;777_781.ce;781;782;799;826;862;876;902;938;948;974";1304;0,9958
bzip2d;BZ2_hbCreateDecodeTables;1;36;45;960;122160;"14;16;26;27;16_26.ce;33;70;35;38;56;72;75;58;67;41;22;43;53;12;78;13;29;30;80;94;98;100;113;0;115;32;40;55;69;77;96";"14;16;26;27;16_26.ce;33;70;35;38;56;72;75;58;67;41;22;43;53;12;78;13;29;30;80;94;98;100;113;0;115;32;40;55;69;77;96";0;1,0000
bzip2d;addFlagsFromEnvVar;1;27;35;0;160;"0;0_80.ce;80;14;15;18;30;32;33;33_53.ce;39;53;55;57;57_78.ce;59;59_62.ce;61;62;63;65;7;71;73;78;79;8";"0;0_80.ce;80;14;15;18;30;32;33;33_53.ce;39;53;55;57;57_78.ce;59;59_62.ce;61;62;63;65;7;71;73;78;79;8";0;1,0000
bzip2d;default_bzfree;1;4;5;0;160;"0;2;3;0_3.ce";"0;2;3;0_3.ce";0;1,0000
bzip2d;fileExists;1;4;5;0;80;"0;5;7;0_7.ce";"0;5;7;0_7.ce";0;1,0000
bzip2d;main;1;8;10;0;81;"11;14;20;0;22;23;8;5";"11;14;20;0;22;23;8;5";0;1,0000
bzip2d;main1;1;232;318;0;5040;"16;20;26;27;20_26.ce;140;24;117;195;30;43;435;519;119;125;189;190;197;203;209;215;221;227;233;239;245;251;257;263;269;277;285;291;297;305;312;324;325;326;327;328;329;33;330;331;332;333;334;335;336;337;338;339;340;341;342;39;437;443;45;459;51;521;527;530;77;132;139;148;185;186;188;450;453;58;61;0;102;106;106_115.ce;115;125_189.ce;155;156;158;160;193;193.le;29;345;345.le;345_349.ce;349;349_360.ce;360;360_370.ce;370;373;373_377.ce;377;380;381;381_388.ce;388;41;426;429;433;443_454.ce;454;462;463;468;516;517;51_62.ce;531;62;71;76;80;84;85;89;89_94.ce;94;98;102_110.ce;106_110.ce;110;124;132_189.ce;148_172.ce;148_172.crit_edge1;157;159;161;162;163;164;165;166;167;168;169;170;171;172;173;176;178;202;208;214;220;226;232;238;244;250;256;262;268;274;282;290;296;302;310;317;348;352;352_360.ce;356;356_360.ce;359;363;363_370.ce;366;370_377.ce;376;377_381.ce;384;391;394;395;397;399;404;405;405_416.ce;412;412_416.ce;415;416;421;424;425;432;442;450_454.ce;466;469;472;473;475;477;482;483;483_494.ce;490;490_494.ce;493;494;499;50;502;503;503_515.ce;507;507_515.ce;511;515;521_530.ce;58_62.ce;62_76.ce;83;85_93.ce;89_93.ce;93;94_110.ce;98_110.ce";"16;20;26;27;20_26.ce;140;24;117;195;30;43;435;519;119;125;189;190;197;203;209;215;221;227;233;239;245;251;257;263;269;277;285;291;297;305;312;324;325;326;327;328;329;33;330;331;332;333;334;335;336;337;338;339;340;341;342;39;437;443;45;459;51;521;527;530;77;132;139;148;185;186;188;450;453;58;61;0;102;106;106_115.ce;115;125_189.ce;155;156;158;160;193;193.le;29;345;345.le;345_349.ce;349;349_360.ce;360;360_370.ce;370;373;373_377.ce;377;380;381;381_388.ce;388;41;426;429;433;443_454.ce;454;462;463;468;516;517;51_62.ce;531;62;71;76;80;84;85;89;89_94.ce;94;98;102_110.ce;106_110.ce;110;124;132_189.ce;148_172.ce;148_172.crit_edge1;157;159;161;162;163;164;165;166;167;168;169;170;171;172;173;176;178;202;208;214;220;226;232;238;244;250;256;262;268;274;282;290;296;302;310;317;348;352;352_360.ce;356;356_360.ce;359;363;363_370.ce;366;370_377.ce;376;377_381.ce;384;391;394;395;397;399;404;405;405_416.ce;412;412_416.ce;415;416;421;424;425;432;442;450_454.ce;466;469;472;473;475;477;482;483;483_494.ce;490;490_494.ce;493;494;499;50;502;503;503_515.ce;507;507_515.ce;511;515;521_530.ce;58_62.ce;62_76.ce;83;85_93.ce;89_93.ce;93;94_110.ce;98_110.ce";0;1,0000
bzip2d;makeMaps_d;1;8;10;160;41120;"1;19;20;3;3_19.ce;9;0;22";"1;19;20;3;3_19.ce;9;0;22";0;1,0000
bzip2d;myfeof;1;4;5;0;80;"0;2;5;3";"0;2;5;3";0;1,0000
bzip2d;myfeof.123;1;4;5;2800;32720;"0;5;3;2";"0;5;3;2";0;1,0000
bzip2d;snocString;1;7;9;320;800;"14;0;26;18;3;13;21";"14;0;26;18;3;13;21";0;1,0000
bzip2d;unRLE_obuf_to_output_FAST;1;96;131;0;78958960;"469;483;486;472;489;500;450;453;456;447;449;455;468;447_ckedge.backedge;502;505;515;518;520;530;533;535;0;421;553;553_575.ce;575;589;590;471;452;447_483.ce;488;106;107;114;115;115_155.ce;139;139_154.ce;152;154;155;176;177;182;185;185_221.ce;205;205_220.ce;218;220;221;242;243;248;251;251_287.ce;271;271_286.ce;284;286;287;308;309;314;317;317_352.ce;33;336;336_351.ce;34;349;34_ckedge.backedge;35;351;352;352_406.ce;390;390_405.ce;403;405;406;41;42;46;47;47_98.ce;485;504;514;529;569;92;98;99";"469;483;486;472;489;500;450;453;456;447;449;455;468;447_ckedge.backedge;502;505;515;518;520;530;533;535;0;421;553;553_575.ce;575;589;590;471;452;447_483.ce;488;106;107;114;115;115_155.ce;139;139_154.ce;152;154;155;176;177;182;185;185_221.ce;205;205_220.ce;218;220;221;242;243;248;251;251_287.ce;271;271_286.ce;284;286;287;308;309;314;317;317_352.ce;33;336;336_351.ce;34;349;34_ckedge.backedge;35;351;352;352_406.ce;390;390_405.ce;403;405;406;41;42;46;47;47_98.ce;485;504;514;529;569;92;98;99";0;1,0000
bzip2d;uncompress;1;123;167;0;80;"0;0_9.ce;105;105_122.ce;122;122_138.ce;138;138_142.ce;142;160;175;206;206_214.ce;214;217;217_229.ce;229;239;241;241_247.ce;247;259;30;31;32;35;35_47.ce;47;50;50_60.ce;60;63;63_66.ce;66;76;77;77_95.ce;9;95;95_105.ce;100;104;108;108_122.ce;11;112;115;117;12;121;125;125_138.ce;128;128_138.ce;13;131;141;144;15;151;159;164;164_174.ce;172;174;176;180;180_190.ce;188;190;191;193;193_203.ce;201;203;204;205;209;220;220_228.ce;223;226;227;228;230;230_238.ce;233;236;237;238;24;244;248;25;251;254;258;26;28;32_47.ce;39;39_46.ce;42;46;47_60.ce;5;53;5_9.ce;60_66.ce;63_77.ce;72;8;80;80_95.ce;83;83_95.ce;87;87_94.ce;90;94;97;97_104.ce;9_31.ce";"0;0_9.ce;105;105_122.ce;122;122_138.ce;138;138_142.ce;142;160;175;206;206_214.ce;214;217;217_229.ce;229;239;241;241_247.ce;247;259;30;31;32;35;35_47.ce;47;50;50_60.ce;60;63;63_66.ce;66;76;77;77_95.ce;9;95;95_105.ce;100;104;108;108_122.ce;11;112;115;117;12;121;125;125_138.ce;128;128_138.ce;13;131;141;144;15;151;159;164;164_174.ce;172;174;176;180;180_190.ce;188;190;191;193;193_203.ce;201;203;204;205;209;220;220_228.ce;223;226;227;228;230;230_238.ce;233;236;237;238;24;244;248;25;251;254;258;26;28;32_47.ce;39;39_46.ce;42;46;47_60.ce;5;53;5_9.ce;60_66.ce;63_77.ce;72;8;80;80_95.ce;83;83_95.ce;87;87_94.ce;90;94;97;97_104.ce;9_31.ce";0;1,0000
bzip2d;uncompressStream;1;99;131;0;17280;"31;34;40;46;48;52;56;40_46.ce;0;104;108;112;116;116_124.ce;12;124;124_130.ce;130;16;17;189;25;29;43;43_46.ce;57;61;65;67;78;82;85;89;91;92;96;96_104.ce;102;103;107;11;111;115;119;122;123;127;131;134;135;138;139;145;146;146_152.ce;148;15;152;155;156;157;158;159;161;162;163;164;165;166;167;167_172.ce;170;172;172_177.ce;175;177;179;17_28.ce;180;180_187.ce;183;187;188;28;28split;39;43_52.ce;46_52.ce;55;60;64;70;76;81;82_90.ce;85_90.ce;90;95;99";"31;34;40;46;48;52;56;40_46.ce;0;104;108;112;116;116_124.ce;12;124;124_130.ce;130;16;17;189;25;29;43;43_46.ce;57;61;65;67;78;82;85;89;91;92;96;96_104.ce;102;103;107;11;111;115;119;122;123;127;131;134;135;138;139;145;146;146_152.ce;148;15;152;155;156;157;158;159;161;162;163;164;165;166;167;167_172.ce;170;172;172_177.ce;175;177;179;17_28.ce;180;180_187.ce;183;187;188;28;28split;39;43_52.ce;46_52.ce;55;60;64;70;76;81;82_90.ce;85_90.ce;90;95;99";0;1,0000
bzip2e;BZ2_blockSort;1;35;46;0;25387920;"72;76;83;84;0;21;25;27;27_32.ce;32;32_35.ce;35;35_56.ce;56;56_69.ce;69;70;81;86;86_91.ce;91;16;21_27.ce;31;34;40;48;49;50;59;59_64.ce;61;64;86.le;90";"72;76;83;84;0;21;25;27;27_32.ce;32;32_35.ce;35;35_56.ce;56;56_69.ce;69;70;81;86;86_91.ce;91;16;21_27.ce;31;34;40;48;49;50;59;59_64.ce;61;64;86.le;90";0;1,0000
bzip2e;BZ2_bzCompress;1;45;66;0;12520;"14;0;103;13;3;8;18;20;70;73;82;86;90;93;93_99.ce;99;100;14_ckedge.backedge;26;33;35;102;12;17;2;28;40;41;43;44;52;53;53_67.ce;58;58_67.ce;61;61_67.ce;67;68;7;72;81;85;86_99.ce;90_99.ce";"14;0;103;13;3;8;18;20;70;73;82;86;90;93;93_99.ce;99;100;14_ckedge.backedge;26;33;35;102;12;17;2;28;40;41;43;44;52;53;53_67.ce;58;58_67.ce;61;61_67.ce;67;68;7;72;81;85;86_99.ce;90_99.ce";0;1,0000
bzip2e;BZ2_bzCompressEnd;1;17;23;0;40;"0;12;16;2;23;27;34;38;45;53;7;1;11;12_23.ce;23_34.ce;34_45.ce;6";"0;12;16;2;23;27;34;38;45;53;7;1;11;12_23.ce;23_34.ce;34_45.ce;6";0;1,0000
bzip2e;BZ2_bzCompressInit;1;45;62;0;40;"0;11;124;13;15;150;18;18_21.ce;21;25;27;31;33;41;7;75;79;9;105;105_116.ce;109;116;116_123.ce;118;11_17.ce;123;13_17.ce;15_17.ce;17;20;21_27.ce;27_33.ce;40;41_83.ce;6;75_83.ce;79_83.ce;7_17.ce;83;83_94.ce;87;94;94_105.ce;98;9_17.ce";"0;11;124;13;15;150;18;18_21.ce;21;25;27;31;33;41;7;75;79;9;105;105_116.ce;109;116;116_123.ce;118;11_17.ce;123;13_17.ce;15_17.ce;17;20;21_27.ce;27_33.ce;40;41_83.ce;6;75_83.ce;79_83.ce;7_17.ce;83;83_94.ce;87;94;94_105.ce;98;9_17.ce";0;1,0000
bzip2e;BZ2_bzWrite;1;76;103;0;11840;"113;63;81;0;11;118;120;121;123;125;127;13;23;35;4;48;5;58;7;9;81_113.ce;112;86;99;126;0_5.ce;104;104_107.ce;104split;106;107;107_111.ce;109;111;118_121.ce;11_15.ce;121_125.ce;13_15.ce;15;15_18.ce;17;18;18_22.ce;20;22;27;27_30.ce;29;30;30_34.ce;32;34;40;40_43.ce;42;43;43_47.ce;45;47;50;50_53.ce;52;53;53_57.ce;55;57;5_9.ce;73;73_76.ce;75;76;76_80.ce;78;80;86_104.ce;9_15.ce";"113;63;81;0;11;118;120;121;123;125;127;13;23;35;4;48;5;58;7;9;81_113.ce;112;86;99;126;0_5.ce;104;104_107.ce;104split;106;107;107_111.ce;109;111;118_121.ce;11_15.ce;121_125.ce;13_15.ce;15;15_18.ce;17;18;18_22.ce;20;22;27;27_30.ce;29;30;30_34.ce;32;34;40;40_43.ce;42;43;43_47.ce;45;47;50;50_53.ce;52;53;53_57.ce;55;57;5_9.ce;73;73_76.ce;75;76;76_80.ce;78;80;86_104.ce;9_15.ce";0;1,0000
bzip2e;BZ2_bzWriteClose64;1;103;139;0;640;"110;111;59;79;84;97;114;59_79.ce;0;113;115;116;118;123;139;140;142;146;148;15;152;154;158;160;164;166;167;169;171;174;27;40;42;43;45;46;48;49;51;52;54;58;69;69_79.ce;10;102;102_105.ce;102split;104;105;105_109.ce;107;109;10_14.ce;116_140.ce;118_140.ce;12;131;131_134.ce;133;134;134_138.ce;136;138;14;140_146.ce;146_152.ce;152_158.ce;158_164.ce;164_167.ce;167_171.ce;19;19_22.ce;21;22;22_26.ce;24;26;32;32_35.ce;34;35;35_39.ce;37;39;40_43.ce;43_46.ce;46_49.ce;49_52.ce;52_116.ce;54_116.ce;7;71;71_74.ce;73;74;74_78.ce;76;78;79_111.ce;7_10.ce;84_102.ce;9";"110;111;59;79;84;97;114;59_79.ce;0;104;107;113;115;116;118;123;139;140;142;146;148;15;152;154;158;160;164;167;169;171;174;27;34;40;43;46;49;51;52;54;58;69;69_79.ce;73;10;102;102_105.ce;102split;105;105_109.ce;109;10_14.ce;116_140.ce;118_140.ce;12;131;131_134.ce;133;134;134_138.ce;136;138;14;140_146.ce;146_152.ce;152_158.ce;158_164.ce;164_167.ce;166;167_171.ce;19;19_22.ce;21;22;22_26.ce;24;26;32;32_35.ce;35;35_39.ce;37;39;40_43.ce;42;43_46.ce;45;46_49.ce;48;49_52.ce;52_116.ce;54_116.ce;7;71;71_74.ce;74;74_78.ce;76;78;79_111.ce;7_10.ce;84_102.ce;9";362;0,9311
bzip2e;BZ2_bzWriteOpen;1;62;85;0;40;"0;11;13;15;17;19;21;23;33;44;55;57;58;6;60;62;62_75.ce;7;75;7_11.ce;87;91;0_7.ce;11_25.ce;13_25.ce;15_25.ce;17_25.ce;19_25.ce;21_25.ce;23_25.ce;25;25_28.ce;27;28;28_32.ce;30;32;36;36_39.ce;38;39;39_43.ce;41;43;47;47_50.ce;49;50;50_54.ce;52;54;55_58.ce;58_62.ce;74;79;79_82.ce;81;82;82_86.ce;84;86;9";"0;11;13;13_25.ce;15;17;19;21;23;33;44;55;57;58;6;60;62;62_75.ce;7;75;87;91;0_7.ce;11_25.ce;15_25.ce;17_25.ce;19_25.ce;21_25.ce;23_25.ce;25;25_28.ce;27;28;28_32.ce;30;32;36;36_39.ce;38;39;39_43.ce;41;43;47;47_50.ce;49;50;50_54.ce;52;54;55_58.ce;58_62.ce;74;79;79_82.ce;7_11.ce;81;82;82_86.ce;84;86;9";56;0,9704
bzip2e;BZ2_compressBlock;1;22;29;0;80;"0;27;27_42.ce;4;42;43;59;63;68;82;25;43_59.ce;4_27.ce;54;68_82.ce;70;70_81.ce;81;0_43.ce;31;59_68.ce;76";"0;27;27_42.ce;4;42;43;59;63;68;82;25;43_59.ce;4_27.ce;54;68_82.ce;70;70_81.ce;81;0_43.ce;31;59_68.ce;76";0;1,0000
bzip2e;BZ2_hbAssignCodes;1;12;15;480;61080;"9;11;21;22;11_21.ce;17;7;24;26;8;0;28";"9;11;21;22;11_21.ce;17;7;24;26;8;0;28";0;1,0000
bzip2e;BZ2_hbMakeCodeLengths;1;70;92;0;189440;"272;277;97;151;55;101;120;242;132;155;174;103;186;157;67;19;269;44;21;271;282;282_289.ce;289;290;31;37;46;75;78;84;138;192;228;262;86;103_120.ce;27;254;100;157_174.ce;154;172;118;223;101_120.ce;218;155_174.ce;185;131;26;0;265;265_268.ce;268;292;294;311;39;40;80;80_83.ce;83;267;288;295;296;298;308;310;82";"272;277;97;151;55;101;120;242;132;155;174;103;186;157;67;19;269;44;21;271;282;282_289.ce;289;290;31;37;46;75;78;84;138;192;228;262;86;103_120.ce;27;254;100;157_174.ce;154;172;118;223;101_120.ce;218;155_174.ce;185;131;26;0;265;265_268.ce;268;292;294;311;39;40;80;80_83.ce;83;267;288;295;296;298;308;310;82";0;1,0000
bzip2e;addFlagsFromEnvVar;1;27;35;0;80;"0;0_80.ce;80;14;15;18;30;32;33;33_53.ce;39;53;55;57;57_78.ce;59;59_62.ce;61;62;63;65;7;71;73;78;79;8";"0;0_80.ce;80;14;15;18;30;32;33;33_53.ce;39;53;55;57;57_78.ce;59;59_62.ce;61;62;63;65;7;71;73;78;79;8";0;1,0000
bzip2e;add_pair_to_block;1;10;14;40;9703720;"3;21;7;0;144;23;41;60;88;31";"3;21;7;0;144;23;41;60;88;31";0;1,0000
bzip2e;bsFinishWrite;1;4;5;40;120;"1;4;0;24";"1;4;0;24";0;1,0000
bzip2e;bsW;1;4;5;19426480;63971400;"3;0;26;6";"3;0;26;6";0;1,0000
bzip2e;compress;1;105;144;0;200;"43;45;62;63;0;0_8.ce;100;100_117.ce;117;117_133.ce;13;133;133_137.ce;137;14;155;17;174;17_29.ce;183;214;214_222.ce;222;222_234.ce;234;235;29;32;32_42.ce;42;65;68;68_71.ce;71;8;81;82;82_100.ce;10;103;103_117.ce;107;11;110;112;116;120;120_133.ce;123;123_133.ce;126;136;139;146;14_29.ce;154;162;162_173.ce;171;173;176;184;188;188_198.ce;196;198;199;201;201_211.ce;209;21;211;212;213;217;21_28.ce;225;225_233.ce;228;231;232;233;24;28;29_42.ce;35;4;4_8.ce;51;51_61.ce;54;61;65_71.ce;68_82.ce;7;77;85;85_100.ce;88;88_100.ce;8_14.ce;92;92_99.ce;95;99";"43;45;62;63;0;0_8.ce;100;100_117.ce;117;117_133.ce;13;133;133_137.ce;137;14;155;17;174;17_29.ce;183;214;214_222.ce;222;222_234.ce;234;235;29;32;32_42.ce;42;65;68;68_71.ce;71;8;81;82;82_100.ce;10;103;103_117.ce;107;11;110;112;116;120;120_133.ce;123;123_133.ce;126;136;139;146;14_29.ce;154;162;162_173.ce;171;173;176;184;188;188_198.ce;196;198;199;201;201_211.ce;209;21;211;212;213;217;21_28.ce;225;225_233.ce;228;231;232;233;24;28;29_42.ce;35;4;4_8.ce;51;51_61.ce;54;61;65_71.ce;68_82.ce;7;77;85;85_100.ce;88;88_100.ce;8_14.ce;92;92_99.ce;95;99";0;1,0000
bzip2e;compressStream;1;53;71;0;8640;"34;38;45;47;49;53;0;118;15;19;27;27_33.ce;33;37;54;58;62;66;66_78.ce;78;82;86;86_118.ce;117;119;121;122;123;124;125;14;18;26;30;44;45_49.ce;52;57;61;65;69;72;73;76;77;81;85;89;89_98.ce;92;92_98.ce;95;98";"34;38;45;47;49;53;0;118;15;19;27;27_33.ce;33;37;54;58;62;66;66_78.ce;78;82;86;86_118.ce;117;119;121;122;123;124;125;14;18;26;30;44;45_49.ce;52;57;61;65;69;72;73;76;77;81;85;89;89_98.ce;92;92_98.ce;95;98";0;1,0000
bzip2e;copy_input_until_stop;1;54;72;0;42912360;"4;11;112;18;85;85_112.ce;28;32;64;84;18_64.ce;68;80;28_64.ce;64_72.ce;72;77;76;0;233;113;3;17;10;114;115;122;128;232;72_77.ce;106;121;129;133;134;134_180.ce;144;144_180.ce;148;180;180_188.ce;184;184_188.ce;188;188_193.ce;192;193;196;200;201;201_228.ce;222;228;68_72.ce";"4;11;112;18;85;85_112.ce;28;32;64;84;18_64.ce;68;80;28_64.ce;64_72.ce;72;77;76;0;233;113;3;17;10;114;115;122;128;232;72_77.ce;106;121;129;133;134;134_180.ce;144;144_180.ce;148;180;180_188.ce;184;184_188.ce;188;188_193.ce;192;193;196;200;201;201_228.ce;222;228;68_72.ce";0;1,0000
bzip2e;copy_output_until_stop;1;10;13;0;19430480;"1;7;14;14_55.ce;55;0;56;6;13;49";"1;7;14;14_55.ce;55;0;56;6;13;49";0;1,0000
bzip2e;default_bzfree;1;4;5;0;160;"0;2;3;0_3.ce";"0;2;3;0_3.ce";0;1,0000
bzip2e;fileExists;1;4;5;0;40;"0;5;7;0_7.ce";"0;5;7;0_7.ce";0;1,0000
bzip2e;flush_RL;1;4;5;0;40;"0;3;4;0_4.ce";"0;3;4;0_4.ce";0;1,0000
bzip2e;generateMTFValues;1;42;54;0;213877440;"107;111;41;132;133;45;55;45_55.ce;100;114;70;70_100.ce;68;74;93;72;95;99;85;77;96;21;23;27;30;34;38;0;135;135_165.ce;165;29;40;51;137;139;142;150;158;160;161;164";"107;111;41;132;133;45;55;45_55.ce;100;114;70;70_100.ce;68;74;93;72;95;99;85;77;96;21;23;27;30;34;38;0;135;135_165.ce;165;29;40;51;137;139;142;150;158;160;161;164";0;1,0000
bzip2e;handle_compress;1;39;53;0;12560;"5;0;92;98;49;53;53_73.ce;5_49.ce;73;92_98.ce;81;87;9;20;95;21;90;91;21_34.ce;25;29;33;34;34_48.ce;48;62;66;79;89;25_34.ce;29_34.ce;39;39_48.ce;43;43_48.ce;47;49_91.ce;62_73.ce;88";"5;0;92;98;49;53;53_73.ce;5_49.ce;73;92_98.ce;81;87;9;20;95;21;90;91;21_34.ce;25;29;33;34;34_48.ce;48;62;66;79;89;25_34.ce;29_34.ce;39;39_48.ce;43;43_48.ce;47;49_91.ce;62_73.ce;88";0;1,0000
bzip2e;hasSuffix;1;6;8;0;160;"0;16;17;7;15;6";"0;16;17;7;15;6";0;1,0000
bzip2e;isempty_RL;1;7;9;0;680;"0;0_8.ce;8;9;3;3_8.ce;7";"0;0_8.ce;8;9;3;3_8.ce;7";0;1,0000
bzip2e;main;1;8;10;0;41;"11;14;20;0;22;23;8;5";"11;14;20;0;22;23;8;5";0;1,0000
bzip2e;main1;1;232;318;0;2520;"16;20;26;27;20_26.ce;140;24;117;195;30;397;43;519;119;125;189;190;197;203;209;215;221;227;233;239;245;251;257;263;269;277;285;291;297;305;312;324;325;326;327;328;329;33;330;331;332;333;334;335;336;337;338;339;340;341;342;39;399;405;421;45;51;521;527;530;77;132;139;148;185;186;188;412;415;58;61;0;102;106;106_115.ce;115;125_189.ce;155;157;158;160;193;193.le;29;345;345.le;345_349.ce;349;352;352_360.ce;360;360_370.ce;370;373;373_377.ce;377;377_381.ce;381;381_388.ce;388;391;395;405_416.ce;41;416;424;425;517;51_62.ce;531;62;71;76;80;84;85;89;89_94.ce;94;98;102_110.ce;106_110.ce;110;124;132_189.ce;148_172.ce;148_172.crit_edge1;156;159;161;162;163;164;165;166;167;168;169;170;171;172;173;176;178;202;208;214;220;226;232;238;244;250;256;262;268;274;282;290;296;302;310;317;348;349_360.ce;356;356_360.ce;359;363;363_370.ce;366;370_377.ce;376;380;384;394;404;412_416.ce;426;429;432;433;435;437;442;443;443_454.ce;450;450_454.ce;453;454;459;462;463;466;468;469;472;473;475;477;482;483;483_494.ce;490;490_494.ce;493;494;499;50;502;503;503_515.ce;507;507_515.ce;511;515;516;521_530.ce;58_62.ce;62_76.ce;83;85_93.ce;89_93.ce;93;94_110.ce;98_110.ce";"16;20;26;27;20_26.ce;140;24;117;195;30;397;43;519;119;125;189;190;197;203;209;215;221;227;233;239;245;251;257;263;269;277;285;291;297;305;312;324;325;326;327;328;329;33;330;331;332;333;334;335;336;337;338;339;340;341;342;39;399;405;421;45;51;521;527;530;77;132;139;148;185;186;188;412;415;58;61;0;102;106;106_115.ce;115;125_189.ce;155;157;158;160;193;193.le;29;345;345.le;345_349.ce;349;352;352_360.ce;360;360_370.ce;370;373;373_377.ce;377;377_381.ce;381;381_388.ce;388;391;395;405_416.ce;41;416;424;425;517;51_62.ce;531;62;71;76;80;84;85;89;89_94.ce;94;98;102_110.ce;106_110.ce;110;124;132_189.ce;148_172.ce;148_172.crit_edge1;156;159;161;162;163;164;165;166;167;168;169;170;171;172;173;176;178;202;208;214;220;226;232;238;244;250;256;262;268;274;282;290;296;302;310;317;348;349_360.ce;356;356_360.ce;359;363;363_370.ce;366;370_377.ce;376;380;384;394;404;412_416.ce;426;429;432;433;435;437;442;443;443_454.ce;450;450_454.ce;453;454;459;462;463;466;468;469;472;473;475;477;482;483;483_494.ce;490;490_494.ce;493;494;499;50;502;503;503_515.ce;507;507_515.ce;511;515;516;521_530.ce;58_62.ce;62_76.ce;83;85_93.ce;89_93.ce;93;94_110.ce;98_110.ce";0;1,0000
bzip2e;mainGtU;1;68;99;0;53493440;"0;513;18;24;36;42;54;60;72;78;90;96;108;114;126;132;144;150;162;168;180;186;198;204;216;222;226;236;242;252;258;270;276;286;292;304;310;320;326;338;344;354;360;372;378;388;394;406;412;422;428;440;446;456;462;474;480;490;496;496_502.ce;500;502;502_506.ce;504;506;510;510_226.ce;512";"0;513;18;24;36;42;54;60;72;78;90;96;108;114;126;132;144;150;162;168;180;186;198;204;216;222;226;236;242;252;258;270;276;286;292;304;310;320;326;338;344;354;360;372;378;388;394;406;412;422;428;440;446;456;462;474;480;490;496;496_502.ce;500;502;502_506.ce;504;506;510;510_226.ce;512";0;1,0000
bzip2e;mainQSort3;1;61;81;0;67511600;"85;118;88;121;112;145;115;148;85_ter.outer;118_ter.outer;117;150;84;114;147;153;188;216;190;218;99;132;33;33_ckedge.backedge;35;35_38.ce;38;38_53.ce;53;57;120;152;166;51;58;177;185;204;212;232;281;312;343;312_343.ce;208;181;87;281_312.ce;232_281.ce;262;293;183;210;168;324;0;383;383.le;37;51_53.ce;56";"85;118;88;121;112;145;115;148;85_ter.outer;118_ter.outer;117;150;84;114;147;153;188;216;190;218;99;132;33;33_ckedge.backedge;35;35_38.ce;38;38_53.ce;53;57;120;152;166;51;58;177;185;204;212;232;281;312;343;312_343.ce;208;181;87;281_312.ce;232_281.ce;262;293;183;210;168;324;0;383;383.le;37;51_53.ce;56";0;1,0000
bzip2e;mainSimpleSort;1;39;52;0;18508360;"38;70;102;31;34;60;66;92;111;79;47;124;131;98;60.le;123;92.le;91;124.le;59;15;24;132;133;20;26;58;0;135;90;135.le;14;22;122;65;97;33;13;130";"38;70;102;31;34;60;66;92;111;79;47;124;131;98;60.le;123;92.le;91;124.le;59;15;24;132;133;20;26;58;0;135;90;135.le;14;22;122;65;97;33;13;130";0;1,0000
bzip2e;mainSort;1;137;177;0;39017280;"574;576;590;591;576_590.ce;447;452;452_460.ce;460;475;476;486;491;499;514;515;491_499.ce;507;460_475.ce;178;50;115;180;255;52;468;499_514.ce;363;418;539;37;158;39;42;160;169;365;408;409;420;439;541;548;367;403;367_403.ce;375;402;375_402.ce;305;299;301;348;351;347;567;281;357;283;288;359;365_408.ce;411;411_417.ce;417;441;478;517;517_538.ce;538;550;599;600;554;572;593;593_598.ce;598;335;387;387_394.ce;394;401;346;138;140;150;586;345;291;294;297;353;354;570;294_291.ce;354_297.ce;118;258;0;0_36.ce;117;120;135;137;152;152_157.ce;157;171;257;260;278;280;290;296;356;36;44;497;550_599.ce;602;602_608.ce;608;154;33;389;400;416;458;526;526_537.ce;531;531_537.ce;531_538.ce;537;597;604";"574;576;590;591;576_590.ce;447;452;452_460.ce;460;475;476;486;491;499;514;515;491_499.ce;507;460_475.ce;178;50;115;180;255;468;499_514.ce;363;418;539;37;158;39;42;160;169;365;408;409;420;439;541;548;367;403;367_403.ce;375;402;375_402.ce;305;299;301;348;351;347;567;281;357;283;288;359;365_408.ce;411;411_417.ce;417;441;478;517;517_538.ce;538;550;599;600;554;572;593;593_598.ce;598;335;387;387_394.ce;394;401;346;138;140;150;586;345;291;294;297;353;354;570;294_291.ce;354_297.ce;118;258;0;0_36.ce;117;120;135;137;152;152_157.ce;157;171;257;260;278;280;290;296;356;36;44;497;550_599.ce;602;602_608.ce;608;154;33;389;400;416;458;52;526;526_537.ce;531;531_537.ce;531_538.ce;537;597;604";104;0,9888
bzip2e;makeMaps_e;1;8;10;80;20560;"1;19;20;3;3_19.ce;9;0;22";"1;19;20;3;3_19.ce;9;0;22";0;1,0000
bzip2e;mmed3;1;10;13;294600;1331600;"0;17;7;0_7.ce;11;16;7_17.ce;6;11_16.ce;15";"0;17;7;0_7.ce;11;16;7_17.ce;6;11_16.ce;15";0;1,0000
bzip2e;myfeof;1;4;5;40;8640;"0;5;3;2";"0;5;3;2";0;1,0000
bzip2e;prepare_new_block;1;5;6;80;20560;"4;10;6;0;12";"4;10;6;0;12";0;1,0000
bzip2e;sendMTFValues;1;263;341;0;23800000;"1469;307;1471;1482;1483;309;312;1471_1482.ce;1477;291;1468;1485;1497;2069;296;306;314;316;1501;296_306.ce;320;2138;2301;2142;2308;2309;2128;2298;2381;2130;2149;2155;2300;2311;2312;2386;2396;2396_2404.ce;2404;2406;3011;2386_2396.ce;2410;1446;1448;1462;214;216;222;2223;2225;2236;2237;2225_2236.ce;2339;1440;2053;1442;1464;1465;2055;2066;2351;172;2161;2336;75;174;192;193;2163;2180;2197;2198;2338;2350;2362;2363;77;83;2180_2197.ce;185;2163_2180.ce;230;176;232;287;2348;176_185.ce;2266;2978;2980;3008;2268;2278;2279;174_185.ce;2360;203;2094;211;2172;125;130;205;208;2096;2105;213;224;225;127;132;2277;2218;2245;2258;178;2220;2239;2240;2247;2254;2255;2260;2282;2283;2233;2276;2253;2260_2282.ce;2189;120;2119;2158;2327;72;122;125_130.ce;139;141;156;156_171.ce;171;195;2121;2125;2160;2200;2200_2203.ce;2203;2203_2206.ce;2206;2215;2329;2365;2366;74;85;86;143;200;1439;145;1467;1497_2052.ce;202;2052;2068;2071;2071_2093.ce;2093;210;2107;2108;227;229;289;290;295;302;316_1439.ce;145_156.ce;149;2252;2265;2281;0;0_68.ce;103;108;113;114;115;116;117;141_156.ce;143_156.ce;199;2110;2110_2113.ce;2113;2115;2115_2118.ce;2118;2127;2157;2217;2242;2257;2285;2285_2295.ce;2295;2314;2314_2324.ce;2324;2368;2368_2378.ce;2378;2385;2392;2406_2977.ce;2977;3010;3014;3014_3017.ce;3017;3017_3027.ce;3027;68;88;88_93.ce;93;98;102;107;112;139_156.ce;1485_2052.ce;160;2075;2080;2082;2088;2090;2112;2113_2117.ce;2115_2117.ce;2117;2202;2205;227_290.ce;2289;2318;2372;2403;2404_2977.ce;3016;3021;314_1439.ce;59;92;97";"1469;307;1471;1482;1483;309;312;1471_1482.ce;1477;291;1468;1485;1497;2069;296;306;314;316;1501;296_306.ce;320;2138;2301;2142;2308;2309;2128;2298;2381;2130;2149;2155;2300;2311;2312;2386;2396;2396_2404.ce;2404;2406;3011;2386_2396.ce;2410;1446;1448;1462;214;216;222;2223;2225;2236;2237;2225_2236.ce;2339;1440;2053;1442;1464;1465;2055;2066;2351;172;2161;2336;75;174;192;193;2163;2180;2197;2198;2338;2350;2362;2363;77;83;2180_2197.ce;185;2163_2180.ce;230;176;232;287;2348;176_185.ce;2266;2978;2980;3008;2268;2278;2279;174_185.ce;2360;203;2094;211;2172;125;130;205;208;2096;2105;213;224;225;127;132;2277;2218;2245;2258;178;2220;2239;2240;2247;2254;2255;2260;2282;2283;2233;2276;2253;2260_2282.ce;2189;120;2119;2158;2327;72;122;125_130.ce;139;141;156;156_171.ce;171;195;2121;2125;2160;2200;2200_2203.ce;2203;2203_2206.ce;2206;2215;2329;2365;2366;74;85;86;143;200;1439;145;1467;1497_2052.ce;202;2052;2068;2071;2071_2093.ce;2093;210;2107;2108;227;229;289;290;295;302;316_1439.ce;145_156.ce;149;2252;2265;2281;0;0_68.ce;103;108;113;114;115;116;117;141_156.ce;143_156.ce;199;2110;2110_2113.ce;2113;2115;2115_2118.ce;2118;2127;2157;2217;2242;2257;2285;2285_2295.ce;2295;2314;2314_2324.ce;2324;2368;2368_2378.ce;2378;2385;2392;2406_2977.ce;2977;3010;3014;3014_3017.ce;3017;3017_3027.ce;3027;68;88;88_93.ce;93;98;102;107;112;139_156.ce;1485_2052.ce;160;2075;2080;2082;2088;2090;2112;2113_2117.ce;2115_2117.ce;2117;2202;2205;227_290.ce;2289;2318;2372;2403;2404_2977.ce;3016;3021;314_1439.ce;59;92;97";0;1,0000
bzip2e;snocString;1;7;9;160;400;"14;0;26;18;3;13;21";"14;0;26;18;3;13;21";0;1,0000
network_dijkstra;dequeue;1;4;5;0;14500000;"0;20;5;0_20.ce";"0;20;5;0_20.ce";0;1,0000
network_dijkstra;dijkstra;1;24;31;0;87000000;"36;40;51;90;91;92;59;59_90.ce;32;2;35;95;16;5;70;51_70.ce;0;19;23;96;97;59_70.ce;21;40_91.ce";"36;40;51;90;91;92;59;59_90.ce;32;2;35;95;16;5;70;51_70.ce;0;19;23;96;97;59_70.ce;21;40_91.ce";0;1,0000
network_dijkstra;enqueue;1;9;11;0;18000000;"16;0;25;8;15;20;23;14;5";"16;0;25;8;15;20;23;14;5";0;1,0000
network_dijkstra;main;1;21;25;0;2500005;"82;85;86;56;59;68;52;76;55;70;71;79;88;98;0;101;12;18;73;15;7";"82;85;86;56;59;68;52;76;55;70;71;79;88;98;0;101;12;18;73;15;7";0;1,0000
network_dijkstra;print_path;1;4;5;5;11;"0;11;6;0_11.ce";"0;11;6;0_11.ce";0;1,0000
network_patricia;insertR;1;16;21;750000;22650000;"0;55;7;36;54;49;44;15;24;33;7_15.ce;23;32;22;31;0_15.ce";"0;55;7;36;54;49;44;15;24;33;7_15.ce;23;32;22;31;0_15.ce";0;1,0000
network_patricia;main;1;8;10;0;50001;"11;14;20;0;22;23;8;5";"11;14;20;0;22;23;8;5";0;1,0000
network_patricia;main1;1;28;31;0;5050000;"47;117;122;51;57;64;75;115;75_115.ce;106;106_115.ce;0;10;123;19;23;30;41;108;119;15;22;29;40;56;6;63;74";"47;117;122;51;57;64;75;115;75_115.ce;106;106_115.ce;0;10;123;19;23;30;41;108;119;15;22;29;40;56;6;63;74";0;1,0000
network_patricia;pat_insert;1;44;58;0;121000000;"140;142;150;152;153;22;39;41;41_22.ce;36;33;0;14;174;46;7;9;139;155;168;173;52;53;125;127;130;85;93;58;70;0_13.ce;110;116;122;123;125_130.ce;13;140_150.ce;163;7_13.ce;82;83;98;9_13.ce";"140;142;150;152;153;22;39;41;41_22.ce;36;33;0;14;174;46;7;9;139;155;168;173;52;53;125;127;130;85;93;58;70;0_13.ce;110;116;122;123;125_130.ce;13;140_150.ce;163;7_13.ce;82;83;98;9_13.ce";0;1,0000
network_patricia;pat_search;1;17;22;0;28850000;"16;31;33;6;33_6.ce;6_16.ce;28;25;15;0;38;49;5;51;48;47;4";"16;31;33;6;33_6.ce;6_16.ce;28;25;15;0;38;49;5;51;48;47;4";0;1,0000
office_stringsearch1;init_search;1;9;11;59;15163;"1;3;6;9;12;20;0;22;8";"1;3;6;9;12;20;0;22;8";0;1,0000
office_stringsearch1;main;1;56;69;0;163916219;"165;168;173;100;43;49;94;102;105;109;46;51;97;120;126;156;57;63;123;128;131;135;161;175;175_189.ce;189;191;60;65;0;118;120_126.ce;144;155;19;193;26;34;42;43_49.ce;56;57_63.ce;70;85;93;94_100.ce;102_109.ce;128_135.ce;152;16;187;23;31;39;82;90";"165;168;173;100;43;49;94;102;105;109;46;51;97;120;126;156;57;63;123;128;131;135;161;175;175_189.ce;189;191;60;65;0;118;120_126.ce;144;155;19;193;26;34;42;43_49.ce;56;57_63.ce;70;85;93;94_100.ce;102_109.ce;128_135.ce;152;16;187;23;31;39;82;90";0;1,0000
office_stringsearch1;strsearch;1;17;22;0;23973432960;"7;38;25;35;37;23_38.ce;10;19;12;21;0;39;40;23;9;10_19.ce;34";"7;23;38;0;25;35;37;23_38.ce;10;19;12;21;39;40;9;10_19.ce;34";20;0,8529
security_blowfish_d;BF_cfb64_encrypt;1;16;21;0;729924330;"115;118;194;118_194.ce;120;0;114;209;210;113;18;19;22;22_98.ce;24;98";"115;118;194;118_194.ce;120;0;114;209;210;113;18;19;22;22_98.ce;24;98";0;1,0000
security_blowfish_d;BF_encrypt;1;4;5;0;89103491;"0;12;826;419";"0;12;826;419";0;1,0000
security_blowfish_d;BF_set_key;1;28;36;0;513;"74;76;87;14;16;16_22.ce;22;22_30.ce;30;30_38.ce;38;46;51;56;38_46.ce;45;58;69;0;0_11.ce;11;53;71;89;10;21;29;37";"74;76;87;14;16;16_22.ce;22;22_30.ce;30;30_38.ce;38;46;51;56;38_46.ce;45;58;69;0;0_11.ce;11;53;71;89;10;21;29;37";0;1,0000
security_blowfish_d;main;1;62;77;0;17820693;"157;160;167;140;145;170;143;147;172;178;135;139;153;169;180;53;55;59;103;61;69;92;72;92_103.ce;96;69_77.ce;77;80;83;91;0;104;110;116;126;134;140_145.ce;181;184;20;26;33;33_45.ce;45;49;50;108;113;123;131;17;20_32.ce;26_32.ce;32;39;39_45.ce;46;53_59.ce;61_77.ce;77_89.ce;89;89split";"157;160;167;140;145;170;143;147;172;178;135;139;153;169;180;53;55;59;103;61;69;92;72;92_103.ce;96;69_77.ce;77;80;83;91;0;104;110;116;126;134;140_145.ce;181;184;20;26;33;33_45.ce;45;49;50;108;113;123;131;17;20_32.ce;26_32.ce;32;39;39_45.ce;46;53_59.ce;61_77.ce;77_89.ce;89;89split";0;1,0000
security_blowfish_e;BF_cfb64_encrypt;1;16;21;0;729744324;"19;22;98;22_98.ce;24;0;113;18;210;114;115;118;118_194.ce;120;194;209";"19;22;98;22_98.ce;24;0;113;18;210;114;115;118;118_194.ce;120;194;209";0;1,0000
security_blowfish_e;BF_encrypt;1;4;5;0;89103491;"0;12;826;419";"0;12;826;419";0;1,0000
security_blowfish_e;BF_set_key;1;28;36;0;513;"74;76;87;14;16;16_22.ce;22;22_30.ce;30;30_38.ce;38;46;51;56;38_46.ce;45;58;69;0;0_11.ce;11;53;71;89;10;21;29;37";"74;76;87;14;16;16_22.ce;22;22_30.ce;30;30_38.ce;38;46;51;56;38_46.ce;45;58;69;0;0_11.ce;11;53;71;89;10;21;29;37";0;1,0000
security_blowfish_e;main;1;62;77;0;17820693;"157;160;167;140;145;170;143;147;172;178;135;139;153;169;180;53;55;59;103;61;69;92;72;92_103.ce;96;69_77.ce;77;80;83;91;0;104;110;116;126;134;140_145.ce;181;184;20;20_32.ce;32;50;108;113;123;131;17;26;26_32.ce;33;33_45.ce;39;39_45.ce;45;46;49;53_59.ce;61_77.ce;77_89.ce;89;89split";"157;160;167;140;145;170;143;147;172;178;135;139;153;169;180;53;55;59;103;61;69;92;72;92_103.ce;96;69_77.ce;77;80;83;91;0;104;110;116;126;134;140_145.ce;181;184;20;20_32.ce;32;50;108;113;123;131;17;26;26_32.ce;33;33_45.ce;39;39_45.ce;45;46;49;53_59.ce;61_77.ce;77_89.ce;89;89split";0;1,0000
security_rijndael_d;decfile;1;28;37;0;541700393;"71;73;84;51;56;68;86;29;31;42;0;104;105;106;16;21;21_25.ce;25;44;55;87;94;102;14;16_25.ce;23;66;87_105.ce";"71;73;84;51;56;68;86;29;31;42;0;104;105;106;16;21;21_25.ce;25;44;55;87;94;102;14;16_25.ce;23;66;87_105.ce";0;1,0000
security_rijndael_d;decrypt;1;11;15;0;31993736;"0;13;2050;2063;327;41;613;12;13_2050.ce;13_327.ce;13_613.ce";"0;13;2050;2063;327;41;613;12;13_2050.ce;13_327.ce;13_613.ce";0;1,0000
security_rijndael_d;main;1;8;10;0;129008;"11;14;16;0;18;19;8;5";"11;14;16;0;18;19;8;5";0;1,0000
security_rijndael_d;main1;1;52;70;0;8385455;"29;35;31;37;45;68;79;48;68_79.ce;72;45_53.ce;53;56;59;67;0;10;103;10_26.ce;112;128;139;140;142;144;146;148;26;29_35.ce;80;85;87;92;93;0_24.ce;108;119;140_144.ce;144_148.ce;17;17_24.ce;17_26.ce;24;37_53.ce;53_65.ce;65;65split;83;85_90.ce;87_90.ce;90;99";"29;35;31;37;45;68;79;48;68_79.ce;72;45_53.ce;53;56;59;67;0;10;103;10_26.ce;112;128;139;140;142;144;146;148;26;29_35.ce;80;85;87;92;93;0_24.ce;108;119;140_144.ce;144_148.ce;17;17_24.ce;17_26.ce;24;37_53.ce;53_65.ce;65;65split;83;85_90.ce;87_90.ce;90;99";0;1,0000
security_rijndael_d;set_key;1;44;59;0;1806098;"396;400;518;253;365;365_253.ce;0;11;13;15;18;18_38.ce;236;367;368;374;38;520;533;534;54;58;0_21.ce;11_21.ce;13_21.ce;150;150_91.ce;152;153;15_38.ce;162;18_21.ce;21;23;233;233_162.ce;235;29;35;368_533.ce;57;58_368.ce;90;91";"396;400;518;253;365;365_253.ce;0;11;13;15;18;18_38.ce;236;367;368;374;38;520;533;534;54;58;0_21.ce;11_21.ce;13_21.ce;150;150_91.ce;152;153;15_38.ce;162;18_21.ce;21;23;233;233_162.ce;235;29;35;368_533.ce;57;58_368.ce;90;91";0;1,0000
security_sha;byte_reverse;1;5;6;19933372;179400348;"6;34;8;0;36";"6;34;8;0;36";0;1,0000
security_sha;main;1;8;10;0;321507;"11;14;20;0;22;23;8;5";"11;14;20;0;22;23;8;5";0;1,0000
security_sha;main1;1;16;20;0;643012;"11;0;10;14;23;26;28;29;30;23_26.ce;25;19;5;5_9.ce;8;9";"11;0;10;14;23;26;28;29;30;23_26.ce;25;19;5;5_9.ce;8;9";0;1,0000
security_sha;sha_final;1;4;5;0;321506;"0;22;28;13";"0;22;28;13";0;1,0000
security_sha;sha_stream;1;4;5;321506;643012;"2;0;7;9";"2;0;7;9";0;1,0000
security_sha;sha_update;1;7;9;0;19933372;"26;28;0;0_15.ce;15;35;11";"26;28;0;0_15.ce;15;35;11";0;1,0000
telecom_CRC32;crc32file;1;10;13;0;529825313;"7;10;0;21;21_25.ce;25;28;6;24;5";"7;10;0;21;21_25.ce;25;28;6;24;5";0;1,0000
telecom_CRC32;main;1;8;10;0;3432;"11;14;20;0;22;23;8;5";"11;14;20;0;22;23;8;5";0;1,0000
telecom_CRC32;main1;1;7;9;1;6862;"6;0;20;21;9;9_20.ce;15";"6;0;20;21;9;9_20.ce;15";0;1,0000
telecom_adpcm_c;adpcm_coder;1;38;50;0;513508116;"32;101;105;34;45;51;58;64;70;73;73_76.ce;76;77;85;88;85_88.ce;77_85.ce;45_51.ce;51_58.ce;58_64.ce;43;66;93;96;34_45.ce;68;61;54;48;84;0;107;112;107_112.ce;109;87;72;75";"32;101;105;34;45;51;58;64;70;73;73_76.ce;76;77;85;88;85_88.ce;77_85.ce;45_51.ce;51_58.ce;58_64.ce;43;66;93;96;34_45.ce;68;61;54;48;84;0;107;112;107_112.ce;109;87;72;75";0;1,0000
telecom_adpcm_c;main;1;13;15;0;518310;"19;22;24;10;15;18;26;0;17;30;7;14;4";"19;22;24;10;15;18;26;0;17;30;7;14;4";0;1,0000
telecom_adpcm_d;adpcm_decoder;1;32;42;0;1104213656;"27;29;39;49;52;60;66;72;78;81;81_84.ce;84;85;91;49_52.ce;39_49.ce;52_60.ce;60_66.ce;66_72.ce;74;31;33;76;69;63;58;48;0;93;51;80;83";"27;29;39;49;52;60;66;72;78;81;81_84.ce;84;85;91;49_52.ce;39_49.ce;52_60.ce;60_66.ce;66_72.ce;74;31;33;76;69;63;58;48;0;93;51;80;83";0;1,0000
telecom_adpcm_d;main;1;13;15;0;1114464;"19;22;24;10;15;18;26;0;17;30;7;14;4";"19;22;24;10;15;18;26;0;17;30;7;14;4";0;1,0000
